character,line,line_clean
Rick,Morty! You gotta come on. Jus'... you gotta come with me.,Morty! You gotta come on. Jus'... you gotta come with me.
Rick,"I got a surprise for you, Morty.","I got a surprise for you, Morty."
Rick,"Come on, I got a surprise for you.  Come on, hurry up.","Come on, I got a surprise for you. Come on, hurry up."
Rick,"We gotta go, gotta get outta here, come on. Got a surprise for you Morty.","We gotta go, gotta get outta here, come on. Got a surprise for you Morty."
Rick,"What do you think of this... flying vehicle, Morty? I built it outta stuff I found in the garage.","What do you think of this... flying vehicle, Morty? I built it outta stuff I found in the garage."
Rick,"Morty. I had to... I had to do it. I had— I had to— I had to make a bomb, Morty. I had to create a bomb.","Morty. I had to... I had to do it. I had— I had to— I had to make a bomb, Morty. I had to create a bomb."
Rick,"We're gonna drop it down there just get a whole fresh start, Morty. Create a whole fresh start.","We're gonna drop it down there just get a whole fresh start, Morty. Create a whole fresh start."
Rick,"Come on, Morty. Just take it easy, Morty. It's gonna be good. Right now, we're gonna go pick up your little friend Jessica.","Come on, Morty. Just take it easy, Morty. It's gonna be good. Right now, we're gonna go pick up your little friend Jessica."
Rick,"When I drop the bomb you know, I want you to have somebody, you know? I want you to have the thing. I'm gonna make it like a new Adam and Eve, and you're gonna be Adam.","When I drop the bomb you know, I want you to have somebody, you know? I want you to have the thing. I'm gonna make it like a new Adam and Eve, and you're gonna be Adam."
Rick,And Jessica's gonna be Eve.,And Jessica's gonna be Eve.
Rick,"And so that's the surprise, Morty.","And so that's the surprise, Morty."
Rick,"I-I get what you're trying to say, Morty. Listen, I'm not...  You don't got... Y-you don’t gotta worry about me trying to fool around with Jessica or mess around with Jessica or anything. I'm not that kind of guy, Morty.","I-I get what you're trying to say, Morty. Listen, I'm not... You don't got... Y-you don’t gotta worry about me trying to fool around with Jessica or mess around with Jessica or anything. I'm not that kind of guy, Morty."
Rick,"You-you don't have to worry about me getting with Jessica or anything. Sh-sh-she— she, she, she's all for you, Morty.","You-you don't have to worry about me getting with Jessica or anything. Sh-sh-she— she, she, she's all for you, Morty."
Rick,"You know what, Morty? You're right.  Let's forget the girl altogether. She, she's probably nothing but trouble, anyways.","You know what, Morty? You're right. Let's forget the girl altogether. She, she's probably nothing but trouble, anyways."
Rick,"Get off of me, Morty!","Get off of me, Morty!"
Rick,"Come on! What’s gotten into you? If you love Earth so much why don’t you marry it?  What are you, crazy? Alright, alright, Morty.","Come on! What’s gotten into you? If you love Earth so much why don’t you marry it? What are you, crazy? Alright, alright, Morty."
Rick,Alright. I'll-I'll land. I'll land. I'll land. I'll land the thing. I’ll land the thing. Big tough guy all of a sudden.,Alright. I'll-I'll land. I'll land. I'll land. I'll land the thing. I’ll land the thing. Big tough guy all of a sudden.
Rick,"We'll park it right here, Morty. Right here on the side of the ree... road here.","We'll park it right here, Morty. Right here on the side of the ree... road here."
Rick,"You know what? That was all a test, Morty. Just an elaborate test to make you more assertive.","You know what? That was all a test, Morty. Just an elaborate test to make you more assertive."
Rick,"Sure. Why not? I don’t, I don't know. Y-you know what, Mo—","Sure. Why not? I don’t, I don't know. Y-you know what, Mo—"
Rick,"What, so everyone's supposed to sleep every single night now? You realize that nighttime makes up half of all time?","What, so everyone's supposed to sleep every single night now? You realize that nighttime makes up half of all time?"
Rick,"Mm, there is no God, Summer. You gotta rip that band-aid off now. You'll thank me later.","Mm, there is no God, Summer. You gotta rip that band-aid off now. You'll thank me later."
Rick,"There you are, Morty. Listen to me. I got an errand to run in a whole different dimension. I need an extra pair of hands.","There you are, Morty. Listen to me. I got an errand to run in a whole different dimension. I need an extra pair of hands."
Rick,"It's pretty obvious, Morty. I froze him. Now listen I need your help, Morty. I mean, we got we got to get get the hell out of here and go take care of business.  It's important. Come on, Morty.","It's pretty obvious, Morty. I froze him. Now listen I need your help, Morty. I mean, we got we got to get get the hell out of here and go take care of business. It's important. Come on, Morty."
Rick,"Do you have any concept of how much higher the stakes get out there, Morty? What do you think I can just do it all by myself? Come on!","Do you have any concept of how much higher the stakes get out there, Morty? What do you think I can just do it all by myself? Come on!"
Rick,"I'll do it later, Morty. He'll be fine. Let's go.","I'll do it later, Morty. He'll be fine. Let's go."
Rick,"There she is. All right. Come on, Morty. Let's go.","There she is. All right. Come on, Morty. Let's go."
Rick,"I never seen that thing before in my life. I don't even know what the hell it is! We got to get out of here, Morty! It's gonna kill us! We're gonna die! We're gonna die, Morty!","I never seen that thing before in my life. I don't even know what the hell it is! We got to get out of here, Morty! It's gonna kill us! We're gonna die! We're gonna die, Morty!"
Rick,"Oh, Morty, take a deep breath. Breathe that breathe that fresh air in, Morty. Y-you smell that? That's the smell of adventure, Morty. That's that's the smell of-of-of-of a whole different evolutionary timeline.","Oh, Morty, take a deep breath. Breathe that breathe that fresh air in, Morty. Y-you smell that? That's the smell of adventure, Morty. That's that's the smell of-of-of-of a whole different evolutionary timeline."
Rick,"Are you joking me? I mean, look at all the crazy crap surrounding us. Look at that thing right there.  What the hell is that thing? You think you're gonna see that kind of thing at school?  Look at it just lumbering around.  It defies all logic, that thing.","Are you joking me? I mean, look at all the crazy crap surrounding us. Look at that thing right there. What the hell is that thing? You think you're gonna see that kind of thing at school? Look at it just lumbering around. It defies all logic, that thing."
Rick,"Ta-ta-ta-ta-ta-ta. Morty, you see this?","Ta-ta-ta-ta-ta-ta. Morty, you see this?"
Rick,"You see what we just stumbled upon, Morty? Any idea what that is down there?","You see what we just stumbled upon, Morty? Any idea what that is down there?"
Rick,"That's right, Morty the mega trees with the mega fruit on them and that's what I'm talking about, Morty. That's where my seeds are. If we would have done what you wanted, I would have never have found them, because you're so in love with school.","That's right, Morty the mega trees with the mega fruit on them and that's what I'm talking about, Morty. That's where my seeds are. If we would have done what you wanted, I would have never have found them, because you're so in love with school."
Rick,"You ask a lot of questions, Morty. Not very charismatic. It makes you kind of an  under-  underfoot figure.","You ask a lot of questions, Morty. Not very charismatic. It makes you kind of an under- underfoot figure."
Rick,"Just take these shoes, Morty. They're  special grappling shoes. When you're wearing these things, these babies, you can basically just walk on any surface you want, Morty up, down, below, turn around to the left. These things really bring it all together.","Just take these shoes, Morty. They're special grappling shoes. When you're wearing these things, these babies, you can basically just walk on any surface you want, Morty up, down, below, turn around to the left. These things really bring it all together."
Rick,"You have to turn them on, Morty! The shoes have to be turned on!","You have to turn them on, Morty! The shoes have to be turned on!"
Rick,"Morty, oh, you really d-did a number on  your legs right now. You know, you got to turn  the shoes on, Morty, for them to work. Yeah, look I turned mine on. I had no problem getting down here. It was a leisurely breeze.","Morty, oh, you really d-did a number on your legs right now. You know, you got to turn the shoes on, Morty, for them to work. Yeah, look I turned mine on. I had no problem getting down here. It was a leisurely breeze."
Rick,"Yeah, I can see that. But do you think you'll still be able to help me collect my seeds, Morty?","Yeah, I can see that. But do you think you'll still be able to help me collect my seeds, Morty?"
Rick,"Okay, hold on just a second, Morty.","Okay, hold on just a second, Morty."
Rick,"Don't worry about it, Morty. Just come help me get these seeds, all right, buddy?","Don't worry about it, Morty. Just come help me get these seeds, all right, buddy?"
Rick,"Not that you asked, Morty, but what just happened there is I went into a future dimension with such advanced medicine that they had broken-leg serum at every corner drugstore.  The stuff was all over the place, Morty.","Not that you asked, Morty, but what just happened there is I went into a future dimension with such advanced medicine that they had broken-leg serum at every corner drugstore. The stuff was all over the place, Morty."
Rick,"It's as good as garbage, Morty. It's not gonna work anymore, Morty.","It's as good as garbage, Morty. It's not gonna work anymore, Morty."
Rick,"There's ways to get back home, Morty. It's just it's just gonna be a little bit of a hassle. We're gonna have to go through interdimensional customs, so you're gonna have to do me a real solid.","There's ways to get back home, Morty. It's just it's just gonna be a little bit of a hassle. We're gonna have to go through interdimensional customs, so you're gonna have to do me a real solid."
Rick,"When we get to customs, I'm gonna need you to take these seeds into the bathroom, and I'm gonna need you to put them way up inside your butthole, Morty.","When we get to customs, I'm gonna need you to take these seeds into the bathroom, and I'm gonna need you to put them way up inside your butthole, Morty."
Rick,"Put them way up inside there, as far as they can fit.","Put them way up inside there, as far as they can fit."
Rick,"Well, somebody's got to do it, Morty. Th-these seeds aren't gonna get through customs unless they're in someone's rectum, Morty","Well, somebody's got to do it, Morty. Th-these seeds aren't gonna get through customs unless they're in someone's rectum, Morty"
Rick,"And they'll fall right out of mine. I've done this too many times, Morty. I mean, you're young. Y-y-you've got your whole life ahead of you, and your anal cavity is still taut, yet malleable. You got to do it for grandpa, Morty. Y-  you've got to put these seeds inside your butt.","And they'll fall right out of mine. I've done this too many times, Morty. I mean, you're young. Y-y-you've got your whole life ahead of you, and your anal cavity is still taut, yet malleable. You got to do it for grandpa, Morty. Y- you've got to put these seeds inside your butt."
Rick,"Come on, Morty. Please, Morty. You have to do it, Morty.","Come on, Morty. Please, Morty. You have to do it, Morty."
Rick,"I don't like it here, Morty. I can't abide bureaucracy. I don't like being told where to go and what to do. I consider it a violation. Did you get those seeds all the way up your butt?","I don't like it here, Morty. I can't abide bureaucracy. I don't like being told where to go and what to do. I consider it a violation. Did you get those seeds all the way up your butt?"
Rick,"That means they're good ones. You're a good kid, Morty. Those mega seeds are super valuable to my work. You've been a huge help to me. I'm gonna be able to do a-","That means they're good ones. You're a good kid, Morty. Those mega seeds are super valuable to my work. You've been a huge help to me. I'm gonna be able to do a-"
Rick,Why does he have to go over there?,Why does he have to go over there?
Rick,What new-  what new machine?,What new- what new machine?
Rick,"Ooh! Oh, nice, Morty! The student becomes the teacher.","Ooh! Oh, nice, Morty! The student becomes the teacher."
Rick,"I need to type in the coordinates to our home world, Morty. Cover me.","I need to type in the coordinates to our home world, Morty. Cover me."
Rick,"They're just robots, Morty! It's okay to shoot them! They're robots!","They're just robots, Morty! It's okay to shoot them! They're robots!"
Rick,"It's a figure of speech, Morty. They're bureaucrats. I don't respect them. Just keep shooting, Morty. You have no idea what prison is like here!","It's a figure of speech, Morty. They're bureaucrats. I don't respect them. Just keep shooting, Morty. You have no idea what prison is like here!"
Rick,"Come on, Morty! We got to get the hell out of here!","Come on, Morty! We got to get the hell out of here!"
Rick,"You can get his number later. Come on, Morty. We got to get out of here. You got to get those seeds out of your ass.","You can get his number later. Come on, Morty. We got to get out of here. You got to get those seeds out of your ass."
Rick,"Oh, hi, Jerry. Oh, my goodness, Morty! What are you doing out of class? We talked about this. Your-your parents and I are very disappointed in-in this behavior... No? No takers?","Oh, hi, Jerry. Oh, my goodness, Morty! What are you doing out of class? We talked about this. Your-your parents and I are very disappointed in-in this behavior... No? No takers?"
Rick,You guys should really not be touching that stuff. It's beyond your reasoning.,You guys should really not be touching that stuff. It's beyond your reasoning.
Rick,Takes one to know one.,Takes one to know one.
Rick,What what are you guys doing with my stuff?,What what are you guys doing with my stuff?
Rick,"A nursing home? What are what are you, nuts? I'm a genius. I build robots for fun.","A nursing home? What are what are you, nuts? I'm a genius. I build robots for fun."
Rick,What are you trying to say about Morty? That he's stupid or something?,What are you trying to say about Morty? That he's stupid or something?
Rick,I-I-I don't know what you mean by that. Can can can you be a little bit more specific?,I-I-I don't know what you mean by that. Can can can you be a little bit more specific?
Rick,"Morty, t-tell your parents the square root of pi.","Morty, t-tell your parents the square root of pi."
Rick,"The square root of Pi, Morty. Go!","The square root of Pi, Morty. Go!"
Rick,"Morty, tell your parents the first law of Thermodynamics.","Morty, tell your parents the first law of Thermodynamics."
Rick,I told the both of you school is stupid. It's not how you learn things. Morty's a gifted child. He has a special mind. That's why he's my little helper. He's like me. He's gonna be doing great science stuff later in his life. He's too smart for school. He needs to keep hanging out and helping me.,I told the both of you school is stupid. It's not how you learn things. Morty's a gifted child. He has a special mind. That's why he's my little helper. He's like me. He's gonna be doing great science stuff later in his life. He's too smart for school. He needs to keep hanging out and helping me.
Rick,"Okay, Jerry. You drive a hard bargain, but what am I supposed to do? Say no? You-you really wear the pants around here. I just want you to know, between us, from now on, it's gonna be clear communication.","Okay, Jerry. You drive a hard bargain, but what am I supposed to do? Say no? You-you really wear the pants around here. I just want you to know, between us, from now on, it's gonna be clear communication."
Rick,No idea what you're talking about.,No idea what you're talking about.
Rick,"Full disclosure, Morty it's not. Temporary superintelligence is just a side effect of the mega seeds dissolving in your rectal cavity.","Full disclosure, Morty it's not. Temporary superintelligence is just a side effect of the mega seeds dissolving in your rectal cavity."
Rick,"Yeah, and once those seeds wear off, you're gonna lose most of your motor skills, and you're also gonna lose a significant amount of brain functionality for 72 hours, Morty.","Yeah, and once those seeds wear off, you're gonna lose most of your motor skills, and you're also gonna lose a significant amount of brain functionality for 72 hours, Morty."
Rick,"Morty, come on. I need your help tonight.","Morty, come on. I need your help tonight."
Rick,"I thought the whole point of having a dog was to feel superior, Jerry. If I were you, I wouldn't pull that thread. Come on, Morty.","I thought the whole point of having a dog was to feel superior, Jerry. If I were you, I wouldn't pull that thread. Come on, Morty."
Rick,"Boy, you really got me up against a wall this time, Jerry.","Boy, you really got me up against a wall this time, Jerry."
Rick,"All right, Ruffles What's his name?","All right, Ruffles What's his name?"
Rick,"Yeah, you're at the top of your game now, Jerry. Have fun. Come on, Morty.","Yeah, you're at the top of your game now, Jerry. Have fun. Come on, Morty."
Rick,"Yeah, Morty, if you like that, boy, you're you're really going to flip your lid over this one.","Yeah, Morty, if you like that, boy, you're you're really going to flip your lid over this one."
Rick,"It's a device, Morty, that when you put it in your ear, you can enter people's dreams, Morty. It's just like that movie that you keep crowing about.","It's a device, Morty, that when you put it in your ear, you can enter people's dreams, Morty. It's just like that movie that you keep crowing about."
Rick,"That's right, Morty. This is gonna be a lot like that, except, you know, it's gonna may--be make sense.","That's right, Morty. This is gonna be a lot like that, except, you know, it's gonna may--be make sense."
Rick,"You don't have to try to impress me, Morty. Listen, tonight we're gonna go into the home of your math teacher, Mr. Goldenfold, and we're gonna incept the idea in his brain to give you A's in math, Morty. That way you can, you know, y-you're gonna help me with my science, Morty, all the time.","You don't have to try to impress me, Morty. Listen, tonight we're gonna go into the home of your math teacher, Mr. Goldenfold, and we're gonna incept the idea in his brain to give you A's in math, Morty. That way you can, you know, y-you're gonna help me with my science, Morty, all the time."
Rick,"Are you listening to me, Morty? Homework is stupid. The whole point is to get less of it.","Are you listening to me, Morty? Homework is stupid. The whole point is to get less of it."
Rick,"Come on, let's just get over there and deal with this thing. W-we're gonna incept your teacher. You're frustrating me.","Come on, let's just get over there and deal with this thing. W-we're gonna incept your teacher. You're frustrating me."
Rick,I'm a full season behind.,I'm a full season behind.
Rick,"It's about to get a whole lot weirder, Morty.","It's about to get a whole lot weirder, Morty."
Rick,"All right, Morty, time to make our move.","All right, Morty, time to make our move."
Rick,Allahu  akbar! We're gonna take control of this plane! We're gonna 9/11 it unless Morty Smith gets better grades in math!,Allahu akbar! We're gonna take control of this plane! We're gonna 9/11 it unless Morty Smith gets better grades in math!
Rick,"Hey! I said nobody move, buddy!","Hey! I said nobody move, buddy!"
Rick,"Goldenfold's got more control here than I anticipated. I mean, the guy teaches high-school math.  I didn't take him for an active dreamer. We've got to take him out so he wakes up, Morty but we can't get killed. If you get killed in someone else's dream, you die for real, Morty.","Goldenfold's got more control here than I anticipated. I mean, the guy teaches high-school math. I didn't take him for an active dreamer. We've got to take him out so he wakes up, Morty but we can't get killed. If you get killed in someone else's dream, you die for real, Morty."
Rick,"Don't be a baby! You avoid getting shot in real life all the time, Morty. Just do the same thing here, and we'll be fine!","Don't be a baby! You avoid getting shot in real life all the time, Morty. Just do the same thing here, and we'll be fine!"
Rick,"Goldenfold, we're coming out! We just want to talk!","Goldenfold, we're coming out! We just want to talk!"
Rick,Because we're both rational adults that don't want anything bad to happen. And because I have a human shield.,Because we're both rational adults that don't want anything bad to happen. And because I have a human shield.
Rick,"Oh, no, Morty. His subconscious is panicking.","Oh, no, Morty. His subconscious is panicking."
Rick,Whoa! Whoa! Whoa! Whoooooaaaa! Whoa! Whoa! Whoooooaaaa!,Whoa! Whoa! Whoa! Whoooooaaaa! Whoa! Whoa! Whoooooaaaa!
Rick,"Relax, Morty. Look! Mrs. Pancakes has a parachute. Come on!","Relax, Morty. Look! Mrs. Pancakes has a parachute. Come on!"
Rick,"Pretty concise, Morty. Looks like we've merely prolonged the inevitable. That's it, Morty! Prolonging the inevitable! Listen, if we go into Mrs. Pancakes' dream, everything will go 100 times slower, Morty. That'll buy us some time to figure this out!","Pretty concise, Morty. Looks like we've merely prolonged the inevitable. That's it, Morty! Prolonging the inevitable! Listen, if we go into Mrs. Pancakes' dream, everything will go 100 times slower, Morty. That'll buy us some time to figure this out!"
Rick,"Whoa, whoa, Morty, the trick to incepting is making people think they came up with the idea. Listen to me. If we're gonna incept Mrs. Pancakes, we have to blend. I'll talk to you after lunch.","Whoa, whoa, Morty, the trick to incepting is making people think they came up with the idea. Listen to me. If we're gonna incept Mrs. Pancakes, we have to blend. I'll talk to you after lunch."
Rick,"Whoa, whoa, whoa! What's the matter with you, Morty? Calm down! You're kind of killing the vibe in here.","Whoa, whoa, whoa! What's the matter with you, Morty? Calm down! You're kind of killing the vibe in here."
Rick,"Time to go another dream deep, Morty!","Time to go another dream deep, Morty!"
Rick,"Geez, I don't know, Morty. Wha-what do you want from me?","Geez, I don't know, Morty. Wha-what do you want from me?"
Rick,Looks like some sort of legally safe knock-off of an '80s horror character with miniature swords for fingers instead of knives.,Looks like some sort of legally safe knock-off of an '80s horror character with miniature swords for fingers instead of knives.
Rick,"Holy crap! We have to escape into someone else's dreams, Morty!","Holy crap! We have to escape into someone else's dreams, Morty!"
Rick,"Are you kidding me? This again? Oh, man, it looks like we've hit dream bedrock here, Morty.","Are you kidding me? This again? Oh, man, it looks like we've hit dream bedrock here, Morty."
Rick,"Holy crap, Morty. He can travel through dreams. He can travel through dreams! We're so screwed!","Holy crap, Morty. He can travel through dreams. He can travel through dreams! We're so screwed!"
Rick,What are we here for again? Incepting? We're trying to incept-,What are we here for again? Incepting? We're trying to incept-
Rick,"Hold on, Morty. Y-you know what? He keeps saying we can run but we can hide. I say we try hiding.","Hold on, Morty. Y-you know what? He keeps saying we can run but we can hide. I say we try hiding."
Rick,"Yeah, well, since when are we taking this guy's advice on anything?","Yeah, well, since when are we taking this guy's advice on anything?"
Rick,Worst-case scenario we're back to running.,Worst-case scenario we're back to running.
Rick,"Thanks, Morty. Yeah, it's nice to be on the same page every once in a while.","Thanks, Morty. Yeah, it's nice to be on the same page every once in a while."
Rick,"Oh, this is perfect, Morty. Look at that. He's getting sleepy. Just a little bit longer before he calls it a day. That's when we make our move.","Oh, this is perfect, Morty. Look at that. He's getting sleepy. Just a little bit longer before he calls it a day. That's when we make our move."
Rick,"Morty, this is perfect. After a little scary coitus, they should be fast asleep and then we'll incept him.","Morty, this is perfect. After a little scary coitus, they should be fast asleep and then we'll incept him."
Rick,Looks like scary Terry's having a nightmare.,Looks like scary Terry's having a nightmare.
Rick,"Yeah, this is a bunch of bullcrap. Who cares what stupid pun you make when you kill someone? Why don't you let the poor guy say whatever he wants?","Yeah, this is a bunch of bullcrap. Who cares what stupid pun you make when you kill someone? Why don't you let the poor guy say whatever he wants?"
Rick,"You're putting too much pressure on yourself, scary Terry. You know, I mean, y-you're perfectly scary enough as it is.","You're putting too much pressure on yourself, scary Terry. You know, I mean, y-you're perfectly scary enough as it is."
Rick,"You're our boy, dawg. Don't even trip.","You're our boy, dawg. Don't even trip."
Rick,"As a matter of fact, Terry, there is something you could help us with.","As a matter of fact, Terry, there is something you could help us with."
Rick,"Out of the frying pan dot, dot, dot, huh, Morty?","Out of the frying pan dot, dot, dot, huh, Morty?"
Rick,"Well, it's possible that your dog became self-aware and made modifications on the cognition amplifier, then turned on Jerry, Beth, and Summer after learning about humanity's cruel subjugation of his species, but your guess is as good as mine, Morty.","Well, it's possible that your dog became self-aware and made modifications on the cognition amplifier, then turned on Jerry, Beth, and Summer after learning about humanity's cruel subjugation of his species, but your guess is as good as mine, Morty."
Rick,If we hurry we can set up camp in a sewer tunnel or something before the dogs completely take over.,If we hurry we can set up camp in a sewer tunnel or something before the dogs completely take over.
Rick,"It's all over, Jerry. The dogs are on a path to total world domination. But, hey, at least they know not to piss on your carpet, right?","It's all over, Jerry. The dogs are on a path to total world domination. But, hey, at least they know not to piss on your carpet, right?"
Rick,"No, no, no, I was just playing dead. Good news, though, Morty. This whole thing's gonna be over really soon.","No, no, no, I was just playing dead. Good news, though, Morty. This whole thing's gonna be over really soon."
Rick,"It's a dream, Morty. We're in your dog's dream. The night the dogs captured us, after you cried and crapped your pants, we all went to sleep. Then I used my dream inceptors to put the two of us inside snuffles' dream.","It's a dream, Morty. We're in your dog's dream. The night the dogs captured us, after you cried and crapped your pants, we all went to sleep. Then I used my dream inceptors to put the two of us inside snuffles' dream."
Rick,"It's been six hours. Dreams move one one-hundredth the speed of reality, and dog time is one-seventh human time. So, you know, every day here is like a minute. It's like ""Inception,"" Morty, so if it's confusing and stupid, then so is everyone's favorite movie.","It's been six hours. Dreams move one one-hundredth the speed of reality, and dog time is one-seventh human time. So, you know, every day here is like a minute. It's like ""Inception,"" Morty, so if it's confusing and stupid, then so is everyone's favorite movie."
Rick,"Look, d-d-d-don't worry about it, Morty. Here, here take these, Morty. Take these.","Look, d-d-d-don't worry about it, Morty. Here, here take these, Morty. Take these."
Rick,Close. It's gonna make your kidneys shut down.,Close. It's gonna make your kidneys shut down.
Rick,"It's necessary for the plan, Morty. Don't even trip, dawg.","It's necessary for the plan, Morty. Don't even trip, dawg."
Rick,"I think it will be great, Morty. You know it could be developed in-into a very satisfying project for people of all ages. I mean, I'd watch it, Morty, for at least 11 minutes a pop. You know, may-maybe they'll do it board-driven.","I think it will be great, Morty. You know it could be developed in-into a very satisfying project for people of all ages. I mean, I'd watch it, Morty, for at least 11 minutes a pop. You know, may-maybe they'll do it board-driven."
Rick,"What do you know, Morty? What do you know?","What do you know, Morty? What do you know?"
Rick,"Oooh! This is how you dream, bitch.","Oooh! This is how you dream, bitch."
Rick,"I should get her pregnant, then she'll have to marry me.","I should get her pregnant, then she'll have to marry me."
Rick,"Sorry, please proceed with your story about banging my daughter in high school.  I'm not sure you want to take romantic advice from this guy, Morty, his marriage is hanging from a thread.","Sorry, please proceed with your story about banging my daughter in high school. I'm not sure you want to take romantic advice from this guy, Morty, his marriage is hanging from a thread."
Rick,"Jerry, it's your house, whatever you say it is is how it is,  but I think a blind man could see that Beth is looking for the door. I barely have a reason to care and even I noticed.","Jerry, it's your house, whatever you say it is is how it is, but I think a blind man could see that Beth is looking for the door. I barely have a reason to care and even I noticed."
Rick,"Morty, hand me that screwdriver, huh?  I'm almost finished making my ionic defibulizer, Morty. It's gonna be great.","Morty, hand me that screwdriver, huh? I'm almost finished making my ionic defibulizer, Morty. It's gonna be great."
Rick,"Morty, that's such a poor use of my time, it's beneath me. Hand me the screwdriver.","Morty, that's such a poor use of my time, it's beneath me. Hand me the screwdriver."
Rick,"You're growing up fast, Morty. You're growing into a real big thorn straight up into my ass!  Listen, this is called oxytocin. I extracted it from a vole. You know what a VOLE is, Morty, you know what a vole is?","You're growing up fast, Morty. You're growing into a real big thorn straight up into my ass! Listen, this is called oxytocin. I extracted it from a vole. You know what a VOLE is, Morty, you know what a vole is?"
Rick,"It's a, it's a rodent that mates for life, Morty. This is the chemical release in the mammal's brain,  ...that makes it fall in love. Alright Morty, I just gotta  combine it with some of your DNA.","It's a, it's a rodent that mates for life, Morty. This is the chemical release in the mammal's brain, ...that makes it fall in love. Alright Morty, I just gotta combine it with some of your DNA."
Rick,"A hair, Morty, I need one of your hairs! This isn't Game Of Thrones.","A hair, Morty, I need one of your hairs! This isn't Game Of Thrones."
Rick,"Alright, Morty, whoever you smear this stuff on will fall in love with you, and only you, forever. Ya happy now, Morty?","Alright, Morty, whoever you smear this stuff on will fall in love with you, and only you, forever. Ya happy now, Morty?"
Rick,"Www.. what am I, a hack?! Go nuts, Morty, it's full proof.","Www.. what am I, a hack?! Go nuts, Morty, it's full proof."
Rick,"Ugh, unless she has the flu.","Ugh, unless she has the flu."
Rick,Who cares about the  thing you guys are talking about? The whole point of freezing time is to stop giving a fuck. Put a shirt on your dumb dad and let's get this dumb universe rolling. Let's do this thing.,Who cares about the thing you guys are talking about? The whole point of freezing time is to stop giving a fuck. Put a shirt on your dumb dad and let's get this dumb universe rolling. Let's do this thing.
Rick,"Alright, listen, you two, we froze time for a pretty long time, so when I unfreeze it, the world's time is gonna be fine, but our time's gonna need a little time to, you know, stabilize.","Alright, listen, you two, we froze time for a pretty long time, so when I unfreeze it, the world's time is gonna be fine, but our time's gonna need a little time to, you know, stabilize."
Rick,"It means relax and stop being a pussy, Morty. I thought you learned that by now. It also means don't touch your parents or we could shatter into countless theoretical shards.","It means relax and stop being a pussy, Morty. I thought you learned that by now. It also means don't touch your parents or we could shatter into countless theoretical shards."
Rick,"Negative visualization, Jerry. It explains a lot about where you're at. Hi, sweety.","Negative visualization, Jerry. It explains a lot about where you're at. Hi, sweety."
Rick,"Yeah it would literally destroy them. Now listen, why do—why do—why—why don't you guys go get a free sunday ice cream,  go out there and get some ice creams. Here's five hundred dollars cash in unmarked moneys. I'm just gonna put it on the floor and uh, kick it on over to ya. You guys go nuts.","Yeah it would literally destroy them. Now listen, why do—why do—why—why don't you guys go get a free sunday ice cream, go out there and get some ice creams. Here's five hundred dollars cash in unmarked moneys. I'm just gonna put it on the floor and uh, kick it on over to ya. You guys go nuts."
Rick,"Man that guy is the Red Grin Grumble to pretending he knows what's going on.  Oh you agree, huh?  You like that Red Grin Grumble reference?  Well guess what? I made him up. You really are your father's children. Think for yourselves, don't be sheep.","Man that guy is the Red Grin Grumble to pretending he knows what's going on. Oh you agree, huh? You like that Red Grin Grumble reference? Well guess what? I made him up. You really are your father's children. Think for yourselves, don't be sheep."
Rick,"Yup, it really makes you appreciate how fickle the universe can be.   One minute you're falling off a roof for six months, the next minute, bam!","Yup, it really makes you appreciate how fickle the universe can be. One minute you're falling off a roof for six months, the next minute, bam!"
Rick,"Actually, sorry Summer, I gotta back the M bomb on this one. I remember the conversation. We told Morty to replace all the bank's money with cookies, your job was to put the mattress under Mr. Benson.","Actually, sorry Summer, I gotta back the M bomb on this one. I remember the conversation. We told Morty to replace all the bank's money with cookies, your job was to put the mattress under Mr. Benson."
Rick,Whoa whoa wh-what the hell hell hell hell hell?,Whoa whoa wh-what the hell hell hell hell hell?
All Ricks,"Oh God, oh no, what did you guys just do?","Oh God, oh no, what did you guys just do?"
Rick,Were either of you guys uncertain about anything just now?,Were either of you guys uncertain about anything just now?
All Ricks,"Alright both of you, just don't move, don't speak, don't think. I have to check something.","Alright both of you, just don't move, don't speak, don't think. I have to check something."
All Ricks,Shut up!  Oh crap are you kidding me? Two dots? This never needs to be more than one dot. The two of you made us uncertain!,Shut up! Oh crap are you kidding me? Two dots? This never needs to be more than one dot. The two of you made us uncertain!
All Ricks,Our time is fractured. You two somehow created a feedback loop of uncertainty that's split our reality into two equally possible impossiblities. W-we're exactly like a man capable of sustaining a platonic friendship with an attractive female co-worker. We're entirely hypothetical.,Our time is fractured. You two somehow created a feedback loop of uncertainty that's split our reality into two equally possible impossiblities. W-we're exactly like a man capable of sustaining a platonic friendship with an attractive female co-worker. We're entirely hypothetical.
All Ricks,"We're not on any timeline, dummy. Look.","We're not on any timeline, dummy. Look."
All Ricks,"I assume they're Schrodinger's cats. A-actually, I assume they both are and aren't, just like us.","I assume they're Schrodinger's cats. A-actually, I assume they both are and aren't, just like us."
All Ricks,“Mom and Dad?” Get your head out of your family's ass. The three of us are lost in a timeless oblivion. Your parents get to exist. They're probably living it up in some pointless grounded story about their shitty marriage.,“Mom and Dad?” Get your head out of your family's ass. The three of us are lost in a timeless oblivion. Your parents get to exist. They're probably living it up in some pointless grounded story about their shitty marriage.
All Ricks,"This is why you don't freeze time, you guys. It's incredibly irresponsible.Morty 1","This is why you don't freeze time, you guys. It's incredibly irresponsible.Morty 1"
All Ricks,"Look, there's no time to hold me accountable, Morty. Like literally no time. Look around. Uncertainty is inherently unsustainable. Eventually everything either is or isn't. And we've got about four hours to be “is”.","Look, there's no time to hold me accountable, Morty. Like literally no time. Look around. Uncertainty is inherently unsustainable. Eventually everything either is or isn't. And we've got about four hours to be “is”."
All Ricks,"Alright, since this time crystal exists in both possibilities, and since it's impossible that I didn't nail this, I'm probably about to press this button in both possibilities at exactly the same time.","Alright, since this time crystal exists in both possibilities, and since it's impossible that I didn't nail this, I'm probably about to press this button in both possibilities at exactly the same time."
All Ricks,"Whatever you're asking, the answer is I'm amazing. And away we go!","Whatever you're asking, the answer is I'm amazing. And away we go!"
Rick,"Huh, what do you know, it's working","Huh, what do you know, it's working"
All Ricks,What the hell is wrong with you two!? I—I m—I m—I mean you four!?,What the hell is wrong with you two!? I—I m—I m—I mean you four!?
All Ricks,"Alright, perfect. Sit still,  arms down, I'm gonna do this again, this time, be like Grampa.","Alright, perfect. Sit still, arms down, I'm gonna do this again, this time, be like Grampa."
All Ricks,"Huh, that's weird. Oh, my God.","Huh, that's weird. Oh, my God."
All Ricks,That son of a bitch is gonna kill me!,That son of a bitch is gonna kill me!
All Ricks,Saving our lives. After he takes me out he's gonna be coming for you!,Saving our lives. After he takes me out he's gonna be coming for you!
All Ricks,"Oh God, now there's three of them, we're outnumbered! Get in the cupboards! Wait, don't don't do that, they'll know... wait wait, think about getting in the cupboards but don't really. AAAAH IS THIS WHAT YOU WANT YOU SICK FUCKS? YOU WANNA SEE CHILDREN DIE?","Oh God, now there's three of them, we're outnumbered! Get in the cupboards! Wait, don't don't do that, they'll know... wait wait, think about getting in the cupboards but don't really. AAAAH IS THIS WHAT YOU WANT YOU SICK FUCKS? YOU WANNA SEE CHILDREN DIE?"
All Ricks,"Shh shh... I know where you are, you creepy old monster... I know how you think! Oh, is this where you think I'm going? You think I'm standing here? Well maybe you're right!","Shh shh... I know where you are, you creepy old monster... I know how you think! Oh, is this where you think I'm going? You think I'm standing here? Well maybe you're right!"
All Ricks,"Oh God, my head. What did you guys do?","Oh God, my head. What did you guys do?"
All Ricks,"Ah, for God's sake, alright here, give me the time crystal.","Ah, for God's sake, alright here, give me the time crystal."
All Ricks,"Calling myself. Here, listen,  it'll probably go to voice mail since, you know, I'm calling myself.","Calling myself. Here, listen, it'll probably go to voice mail since, you know, I'm calling myself."
All Ricks,"Don't fall for it, it's a bit.","Don't fall for it, it's a bit."
All Ricks,"Hey Rick, it's Rick. Listen, I'm sorry about earlier. No hard feelings. I know you know I mean it too. Take it easy. Whoa. Damn, look at this, I'm blown up. Three new voicemails.  Yeah yeah, I heard this one.  You get the idea  we're cool now.","Hey Rick, it's Rick. Listen, I'm sorry about earlier. No hard feelings. I know you know I mean it too. Take it easy. Whoa. Damn, look at this, I'm blown up. Three new voicemails. Yeah yeah, I heard this one. You get the idea we're cool now."
All Ricks,Fine I'll just do it myself.,Fine I'll just do it myself.
All Ricks,"Because I waited until I was certain it was what I wanted to do, Morty. That's the difference between you and me. I'm certain, and you're a walking burlap sack filled with turds.","Because I waited until I was certain it was what I wanted to do, Morty. That's the difference between you and me. I'm certain, and you're a walking burlap sack filled with turds."
All Ricks,"Oh, what you're just gonna listen to this guy now? He's got a giant testicle for a head! He came here in a bubble. For all we know he could be the David Berkowitz of Nutsack Land.","Oh, what you're just gonna listen to this guy now? He's got a giant testicle for a head! He came here in a bubble. For all we know he could be the David Berkowitz of Nutsack Land."
Rick,"Yes, we're back, problem solved.","Yes, we're back, problem solved."
Rick,How long exactly do we have to wear these things? They're really embarassing.,How long exactly do we have to wear these things? They're really embarassing.
Rick,"I would have been happy to pay for it, Summer, but they don't exactly sell them at Costco. Besides, there's a larger lesson to be learned here. Get him!","I would have been happy to pay for it, Summer, but they don't exactly sell them at Costco. Besides, there's a larger lesson to be learned here. Get him!"
Rick,What if I told you there's a huge ticket up right behind you?,What if I told you there's a huge ticket up right behind you?
Rick,"Alright, hear me out on this. You're immortal, right, which means your life is infinite. Well in that case there's 100% chance that you'll eventually do everything, including turning around to look behind you.","Alright, hear me out on this. You're immortal, right, which means your life is infinite. Well in that case there's 100% chance that you'll eventually do everything, including turning around to look behind you."
Rick,"Ah, God, gross and weird!","Ah, God, gross and weird!"
Rick,"Summer, Morty, take off your collars!","Summer, Morty, take off your collars!"
Rick,Good question. I suppose the answer is,Good question. I suppose the answer is
Rick,"You know what I'm talking about, oh yeah. I'm gonna do the cabbage patch, Morty. Check me out I'm doing the cabbage patch dance. It's a classic dance, remember, like this. Oh shit look at that.","You know what I'm talking about, oh yeah. I'm gonna do the cabbage patch, Morty. Check me out I'm doing the cabbage patch dance. It's a classic dance, remember, like this. Oh shit look at that."
Rick,"Shut up, Morty. The last time you felt something, we all almost died. You little s—piece of shit.","Shut up, Morty. The last time you felt something, we all almost died. You little s—piece of shit."
Rick,No it doesn't. It hurts.,No it doesn't. It hurts.
Rick,"Uh, w-why don't you get it Jerry? you're the man of the house and you don't have a job.","Uh, w-why don't you get it Jerry? you're the man of the house and you don't have a job."
Rick,"Beth, Squanchy culture is more... contextual than literal. You just say what's in your squanch and people understand.","Beth, Squanchy culture is more... contextual than literal. You just say what's in your squanch and people understand."
Rick,"Oh boy. Time to go, Morty.","Oh boy. Time to go, Morty."
Rick,"The Pentagon. I mean, not THE Pentagon.  The lame one, here on Earth.","The Pentagon. I mean, not THE Pentagon. The lame one, here on Earth."
Rick,Morty and I are going to look into it. You guys hold tight.,Morty and I are going to look into it. You guys hold tight.
Rick,Stay back! This watch turns people into snakes!,Stay back! This watch turns people into snakes!
Rick,My name is Rick Sanchez. This here’s my grandson Morty.,My name is Rick Sanchez. This here’s my grandson Morty.
Rick,"I’ve seen enough of the galaxy to know that what we’ve got here is a Cromulon from the Cygnus-5 Expanse. So you can forget about nukes, and you can forget about math.  This head won’t go away until  Earth shows them it’s got a hit song.","I’ve seen enough of the galaxy to know that what we’ve got here is a Cromulon from the Cygnus-5 Expanse. So you can forget about nukes, and you can forget about math. This head won’t go away until Earth shows them it’s got a hit song."
Rick,"No, Frasier. A live performance of a newly-written, catchy, original song. The Cromulon feed on the talent and showmanship of less-evolved lifeforms.","No, Frasier. A live performance of a newly-written, catchy, original song. The Cromulon feed on the talent and showmanship of less-evolved lifeforms."
Rick,You’re gonna wanna put them on that giant speaker system at your sonic testing facility at Area 51.,You’re gonna wanna put them on that giant speaker system at your sonic testing facility at Area 51.
Rick,"Who’s NOT a musician, Morty?","Who’s NOT a musician, Morty?"
Rick,"Yeah, not with that attitude.","Yeah, not with that attitude."
Rick,"All right, Morty, let’s get ready to do it! Why don’t you, uh, find a button on one of those keyboards and lay down some kind of beat?","All right, Morty, let’s get ready to do it! Why don’t you, uh, find a button on one of those keyboards and lay down some kind of beat?"
Rick,"Morty! Good music comes from people who are relaxed. Just hit a button, Morty! Gimme a beat!","Morty! Good music comes from people who are relaxed. Just hit a button, Morty! Gimme a beat!"
Rick,Ahhhhh yeahhhhh Ya gotta get schwifty  Ya gotta get schwifty in here It’s time to get schwifty,Ahhhhh yeahhhhh Ya gotta get schwifty Ya gotta get schwifty in here It’s time to get schwifty
Rick,Take off your pants and your panties Shit on the floor Time to get schwifty in here I’m Mr. Bulldops,Take off your pants and your panties Shit on the floor Time to get schwifty in here I’m Mr. Bulldops
Rick,Take a shit on the floor Time to get schwifty in here,Take a shit on the floor Time to get schwifty in here
Rick,"Hey, take your pants off It’s schwifty time today","Hey, take your pants off It’s schwifty time today"
Rick,I think planet Earth has just been transported.,I think planet Earth has just been transported.
Rick,"Uhh, it’s probably a bad time to mention it, but any astronauts you guys had in orbit are definitely dead.","Uhh, it’s probably a bad time to mention it, but any astronauts you guys had in orbit are definitely dead."
Rick,"Geez, Morty. The guy’s just doing his job. Take it easy.","Geez, Morty. The guy’s just doing his job. Take it easy."
Rick,"Genius happens in the moment, Morty.","Genius happens in the moment, Morty."
Rick,"That’s planning for failure, Morty. Even dumber than regular planning.  Balls.","That’s planning for failure, Morty. Even dumber than regular planning. Balls."
Rick,"Morty, Morty, stop! Listen! There’s only so much charge left in this thing. If we portal home from here and back, we’re not gonna have enough charge left to get off-world. Get it?","Morty, Morty, stop! Listen! There’s only so much charge left in this thing. If we portal home from here and back, we’re not gonna have enough charge left to get off-world. Get it?"
Rick,"Yeah,  you see, I try to shelter you from certain realities,  Morty. Cause if I let you make me nervous, then we can’t get schwifty.","Yeah, you see, I try to shelter you from certain realities, Morty. Cause if I let you make me nervous, then we can’t get schwifty."
Rick,"Hey, Morty! Could you lick my…","Hey, Morty! Could you lick my…"
Rick,"Wait, wait, wait! Come on, h-hold on a second!","Wait, wait, wait! Come on, h-hold on a second!"
Rick,"Whoa, whoa! Morty! Give me that!","Whoa, whoa! Morty! Give me that!"
Rick,"Morty, just put it down. You don’t know what you’re doing.","Morty, just put it down. You don’t know what you’re doing."
Rick,"Wh-What do you think, Ice? Probably a little over-developed.","Wh-What do you think, Ice? Probably a little over-developed."
Rick,"Well, do you think maybe, could you give me some help with it, or… ?","Well, do you think maybe, could you give me some help with it, or… ?"
Rick,"Ice, I don’t want to be a negative Nelly or anything, but  if Morty doesn’t come back with my portal gun and I eat it out there, it’s, uh, kind of your problem too.","Ice, I don’t want to be a negative Nelly or anything, but if Morty doesn’t come back with my portal gun and I eat it out there, it’s, uh, kind of your problem too."
Rick,What the fuck? You can turn into ice?,What the fuck? You can turn into ice?
Rick,"Take it from me, Ice.  You can’t just  float around space not caring about stuff forever.","Take it from me, Ice. You can’t just float around space not caring about stuff forever."
Rick,I say…  Let’s do it!,I say… Let’s do it!
Rick,"Come on, here we go!","Come on, here we go!"
Rick,"Trade secret, Mr. President. Particle beam in a wristwatch… snake holster on the leg.","Trade secret, Mr. President. Particle beam in a wristwatch… snake holster on the leg."
Rick,Don't worry about Jerry. He's gonna be fine.You hear me Jerry? You're gonna be fine!,Don't worry about Jerry. He's gonna be fine.You hear me Jerry? You're gonna be fine!
Rick,"ooo... Watch out for that stuff. It'll stain if it gets on your clothes, and it'll send into a murderous rage if it gets in your eyes or mouth.","ooo... Watch out for that stuff. It'll stain if it gets on your clothes, and it'll send into a murderous rage if it gets in your eyes or mouth."
Rick,"I know this isn't the time, but, you know, technically the second freezer drawer is mine.","I know this isn't the time, but, you know, technically the second freezer drawer is mine."
Rick,"Alright fine, but you're not touching my CRISPR.","Alright fine, but you're not touching my CRISPR."
Rick,What? Every hospital claims to have the best doctor in the galaxy. It's like those pizza places that claim to have the best pizza in the world. What- Do you think they have pizza contests? Have you ever been to a pizza contest?,What? Every hospital claims to have the best doctor in the galaxy. It's like those pizza places that claim to have the best pizza in the world. What- Do you think they have pizza contests? Have you ever been to a pizza contest?
Rick,"Fine!  Excuse me. Coming through. What are you here for- Just kidding, I don't care. Well this won't do.","Fine! Excuse me. Coming through. What are you here for- Just kidding, I don't care. Well this won't do."
Rick,"Yeah me neither, we pretty much nailed it the first time.","Yeah me neither, we pretty much nailed it the first time."
Rick,"You gotta be careful Morty, if that guy catches you with a box of his eye-holes he comes bursting in through a window and just starts kicking the shit outta you. But it's worth the risk, they melt in your mouth Morty! They're delicious.","You gotta be careful Morty, if that guy catches you with a box of his eye-holes he comes bursting in through a window and just starts kicking the shit outta you. But it's worth the risk, they melt in your mouth Morty! They're delicious."
Rick,"Well you're thirty-nine years too late, or however old he is. Is he fifty? Oh man, Beth is, is Jerry fifity!?","Well you're thirty-nine years too late, or however old he is. Is he fifty? Oh man, Beth is, is Jerry fifity!?"
Rick,"Hey, what's wrong Morty? Oh, you're worried about your dad, huh?","Hey, what's wrong Morty? Oh, you're worried about your dad, huh?"
Rick,Morty let's-let's see what else is on.,Morty let's-let's see what else is on.
Rick,"Oh, man Morty. How DID she get there?","Oh, man Morty. How DID she get there?"
Rick,Just stay away from the coffee machine.,Just stay away from the coffee machine.
Rick,"Oh man, I'm trying to remember Morty.","Oh man, I'm trying to remember Morty."
Rick,"All right, Morty you've done it!","All right, Morty you've done it!"
Rick,"Anyway, that's how I escaped from space prison! Oh, scary place.","Anyway, that's how I escaped from space prison! Oh, scary place."
Rick,"Oh, come on. Who wants to watch a mad scientist use handmade sci-fi tools to take out highly trained alien guards when we can sit here and be a family at Shoney's?","Oh, come on. Who wants to watch a mad scientist use handmade sci-fi tools to take out highly trained alien guards when we can sit here and be a family at Shoney's?"
Rick,"Emotionally speaking, honey, Shoney's is my home.","Emotionally speaking, honey, Shoney's is my home."
Rick,"Jerry, get out of the booth, take all your clothes off, and fold yourself 12 times.","Jerry, get out of the booth, take all your clothes off, and fold yourself 12 times."
Rick,"Six folds, huh? W-W-What, have you guys got me in a Series 9000? You cheap insect fucks didn't think I was worth your best equipment?","Six folds, huh? W-W-What, have you guys got me in a Series 9000? You cheap insect fucks didn't think I was worth your best equipment?"
Rick,"Well, you might as well order some pancakes, because I don't see the need to leave this part of my brain.","Well, you might as well order some pancakes, because I don't see the need to leave this part of my brain."
Rick,"Oh, any particular ones? You want to see my first boner, or should we go straight to the moment I discovered interdimensional travel?","Oh, any particular ones? You want to see my first boner, or should we go straight to the moment I discovered interdimensional travel?"
Rick,"' Ooh, your little flappy doodles are twitching. Does that mean you're aroused, or did you just get a signal that one of your buddies found a grape?","' Ooh, your little flappy doodles are twitching. Does that mean you're aroused, or did you just get a signal that one of your buddies found a grape?"
Rick,"Well, that depends on who breaks first -- me or the titty.","Well, that depends on who breaks first -- me or the titty."
Rick,The day I invented the portal gun is the day I lost her.,The day I invented the portal gun is the day I lost her.
Rick,To the day it all began and ended. The moment that changed everything.,To the day it all began and ended. The moment that changed everything.
Rick,"Okay. All right, all right.","Okay. All right, all right."
Rick,Me. I used to wear blue pants.,Me. I used to wear blue pants.
Rick,Yeah. That's the three lines of math that separates my life as a man from my life as an unfeeling ghost.,Yeah. That's the three lines of math that separates my life as a man from my life as an unfeeling ghost.
Rick,"Because the code you just uploaded wasn't actually my portal-gun formula, it was a virus giving me full control over the brainalyzer.","Because the code you just uploaded wasn't actually my portal-gun formula, it was a virus giving me full control over the brainalyzer."
Rick,"True, but you can alter anything you want about a totally fabricated origin story.","True, but you can alter anything you want about a totally fabricated origin story."
Rick,"Mission accomplished, boys. Pull me out.","Mission accomplished, boys. Pull me out."
Rick,"Okay, have fun in what's left of my brain. I'm gonna transfer to yours. Oh, there's not enough room for all my genius, so I'm leaving you with my fear of wicker furniture, my desire to play the trumpet, my tentative plans to purchase a hat, and six years of improv workshops. Comedy comes in threes.","Okay, have fun in what's left of my brain. I'm gonna transfer to yours. Oh, there's not enough room for all my genius, so I'm leaving you with my fear of wicker furniture, my desire to play the trumpet, my tentative plans to purchase a hat, and six years of improv workshops. Comedy comes in threes."
Rick,"Morty, take this. You're gonna need it later.","Morty, take this. You're gonna need it later."
Rick,What -- What's this supposed to accomplish? We have infinite grandkids. You're trying to use Disney bucks at a Caesar's Palace here.,What -- What's this supposed to accomplish? We have infinite grandkids. You're trying to use Disney bucks at a Caesar's Palace here.
Rick,"I came to kill you, bro. That's not even my original Summer.","I came to kill you, bro. That's not even my original Summer."
Rick,"20 yards, nine-gauge plasma pistol, My first shot would liquify her insides and injure you, second shot adds recoil. The risk to me is minimized if I wait for you to shoot her, which I'm encouraging you to do.","20 yards, nine-gauge plasma pistol, My first shot would liquify her insides and injure you, second shot adds recoil. The risk to me is minimized if I wait for you to shoot her, which I'm encouraging you to do."
Rick,"Or let her go, which I will reward with a quicker death.","Or let her go, which I will reward with a quicker death."
Rick,"Because it's incentive for you to give me my cleanest shot, which will be your least painful death. But if you want to die slower than that, I'm super into it. All you got to do to get that started is kill the girl.","Because it's incentive for you to give me my cleanest shot, which will be your least painful death. But if you want to die slower than that, I'm super into it. All you got to do to get that started is kill the girl."
Rick,"Morty, I know you're too stupid to get this, but you're really fuckin' this up right now.","Morty, I know you're too stupid to get this, but you're really fuckin' this up right now."
Rick,"I wasn't gonna let her die, you fuckin' moron!","I wasn't gonna let her die, you fuckin' moron!"
Rick,The point is he thought I was going to.,The point is he thought I was going to.
Rick,"You're a serious fuckin' idiot, Morty! You basically killed us all! You're the worst! You're as dumb as a bag of sand.","You're a serious fuckin' idiot, Morty! You basically killed us all! You're the worst! You're as dumb as a bag of sand."
Rick,"Good job, Morty. Let's go, kids.","Good job, Morty. Let's go, kids."
Rick,Oldest Rick trick in the book.,Oldest Rick trick in the book.
Rick,Not until I finish what I started. And that is how you get level-nine access without a password.,Not until I finish what I started. And that is how you get level-nine access without a password.
Rick,"Employee of the month, ladies and gentlemen.","Employee of the month, ladies and gentlemen."
Rick,"Good pitches, kids. I'm almost proud. But watch closely as Grandpa topples an empire by changing a one to a zero.","Good pitches, kids. I'm almost proud. But watch closely as Grandpa topples an empire by changing a one to a zero."
Rick,Guess who dismantled the government?,Guess who dismantled the government?
Rick,"Jerry, is there any light beer left? It's insane what you miss in prison.","Jerry, is there any light beer left? It's insane what you miss in prison."
Rick,"No, you're right. Where's the vodka?","No, you're right. Where's the vodka?"
Rick,"Seems like you guys need some privacy. I'll, uh -- I'll be in the garage.","Seems like you guys need some privacy. I'll, uh -- I'll be in the garage."
Rick,"What the fuck? Not cool, Jerry! A man's garage is his castle.","What the fuck? Not cool, Jerry! A man's garage is his castle."
Rick,"Oh, I-I'm sorry to hear that, sweetie. I hope I had nothing to do with that.","Oh, I-I'm sorry to hear that, sweetie. I hope I had nothing to do with that."
Rick,"Not so fast, Morty. You heard your mom. We've got adventures to go on, Morty -- just you and me -- and sometimes your sister and sometimes your mom, but never your dad. You want to know why, Morty? Because he crossed me.","Not so fast, Morty. You heard your mom. We've got adventures to go on, Morty -- just you and me -- and sometimes your sister and sometimes your mom, but never your dad. You want to know why, Morty? Because he crossed me."
Rick,"Oh, it gets darker, Morty. Welcome to the darkest year of our adventures. First thing that's different -- no more Dad, Morty.","Oh, it gets darker, Morty. Welcome to the darkest year of our adventures. First thing that's different -- no more Dad, Morty."
Rick,"He threatened to turn me in to the government, so I made him and the government go away.","He threatened to turn me in to the government, so I made him and the government go away."
Rick,I've replaced them both as the de facto patriarch of your family and your universe. Your mom wouldn't have accepted me if I came home -,I've replaced them both as the de facto patriarch of your family and your universe. Your mom wouldn't have accepted me if I came home -
Rick,"- without you and your sister, so now you know the real reason I rescued you. Oh! I just took over the family, Morty, and if you tell your mom -","- without you and your sister, so now you know the real reason I rescued you. Oh! I just took over the family, Morty, and if you tell your mom -"
Rick,"- or sister I said any of this, I'll deny it -","- or sister I said any of this, I'll deny it -"
Rick,"- and they'll take my side because I'm a hero, Morty. And now you're gonna have to go -","- and they'll take my side because I'm a hero, Morty. And now you're gonna have to go -"
Rick,"- and do whatever I say, Morty, forever! And I'll -- I'll go out and I'll find some more of that ""Mulan"" Szechuan teriyaki dipping sauce, Morty. -","- and do whatever I say, Morty, forever! And I'll -- I'll go out and I'll find some more of that ""Mulan"" Szechuan teriyaki dipping sauce, Morty. -"
Rick,"- Because that's -- that's what this is all about, Morty.","- Because that's -- that's what this is all about, Morty."
Rick,"That's my one-armed man! I'm not driven by avenging my dead family, Morty! That was fake. I-I-I'm driven by finding that McNugget sauce.","That's my one-armed man! I'm not driven by avenging my dead family, Morty! That was fake. I-I-I'm driven by finding that McNugget sauce."
Rick,"I want that ""Mulan"" McNugget sauce, Morty! That's my series arc, Morty.","I want that ""Mulan"" McNugget sauce, Morty! That's my series arc, Morty."
Rick,"If it takes nine seasons, I want my McNugget dipping sauce, Szechuan sauce, Morty.","If it takes nine seasons, I want my McNugget dipping sauce, Szechuan sauce, Morty."
Rick,"That's what's gonna take us all the way to the end, Morty.","That's what's gonna take us all the way to the end, Morty."
Rick,"Season -- Nine more seasons, Morty. Nine more seasons until I get that dipping Szechuan sauce.","Season -- Nine more seasons, Morty. Nine more seasons until I get that dipping Szechuan sauce."
Rick,"For 97 more years, Morty!","For 97 more years, Morty!"
Rick,"I want that McNugget sauce, Morty!","I want that McNugget sauce, Morty!"
Pickle Rick,"Morty, the garage, Morty. Come to the garage!","Morty, the garage, Morty. Come to the garage!"
Pickle Rick,"On my work bench, Morty.","On my work bench, Morty."
Pickle Rick,"Come on, flip the pickle, Morty. You're not gonna regret it. The payoff is huge.","Come on, flip the pickle, Morty. You're not gonna regret it. The payoff is huge."
Pickle Rick,"""And""? What more do you want tacked on to this? I turned myself into a pickle, and 9/11 was an inside job?","""And""? What more do you want tacked on to this? I turned myself into a pickle, and 9/11 was an inside job?"
Pickle Rick,"Who cares, Morty? Global acts of terrorism happen every day. Uh, here's something that's never happened before","Who cares, Morty? Global acts of terrorism happen every day. Uh, here's something that's never happened before"
Pickle Rick,"I don't do magic, Morty, I do science. One takes brains, the other takes dark eye liner.","I don't do magic, Morty, I do science. One takes brains, the other takes dark eye liner."
Pickle Rick,I wouldn't be much of a pickle if I could.,I wouldn't be much of a pickle if I could.
Pickle Rick,"Morty, stop digging for hidden layers and just be impressed. I'm a pickle.","Morty, stop digging for hidden layers and just be impressed. I'm a pickle."
Pickle Rick,"The reason anyone would do this is, if they could, which they can't, would be because they could, which they can't.","The reason anyone would do this is, if they could, which they can't, would be because they could, which they can't."
Pickle Rick,"Right here, sweetie. I'm a pickle!","Right here, sweetie. I'm a pickle!"
Pickle Rick,Where are you guys going?,Where are you guys going?
Pickle Rick,"Oh, my God. Beth, oh, it totally slipped my mind. Geez, oh, man. I'm a pickle. I mean, I don't know if I can, ooh, geez.","Oh, my God. Beth, oh, it totally slipped my mind. Geez, oh, man. I'm a pickle. I mean, I don't know if I can, ooh, geez."
Pickle Rick,"It's okay, Beth. I understand Morty's suspicion. I've misled him before. Morty, turn me so we're making eye contact.Morty, I assure you, I would never ""find a way"" to ""get out of"" family therapy. I hope my lack of fingers doesn't prevent the perception of my air quotes.","It's okay, Beth. I understand Morty's suspicion. I've misled him before. Morty, turn me so we're making eye contact.Morty, I assure you, I would never ""find a way"" to ""get out of"" family therapy. I hope my lack of fingers doesn't prevent the perception of my air quotes."
Pickle Rick,"Great question, Summer. The unfortunate answer is I did this to challenge myself. And it could take hours or even days before I'm able to figure out how to return to human form. But, I mean, you know, your mom could put me in a purse or a pocket, you know, if she really needs me to go.","Great question, Summer. The unfortunate answer is I did this to challenge myself. And it could take hours or even days before I'm able to figure out how to return to human form. But, I mean, you know, your mom could put me in a purse or a pocket, you know, if she really needs me to go."
Pickle Rick,"Well, Morty, if you know must know, the syringe is completely unrelated to this discussion, and, therefore, it does not warrant further explanation.","Well, Morty, if you know must know, the syringe is completely unrelated to this discussion, and, therefore, it does not warrant further explanation."
Pickle Rick,"W-w-what are you doing there, Beth? What are you doing there, sweetie?","W-w-what are you doing there, Beth? What are you doing there, sweetie?"
Pickle Rick,"Hey, hey, be careful with that. It's for something else. It's really important, so don't break it. Okay, I may have fucked up here. Dup, ap, ap, pap, ut, dah, pap, pap, pap, pah. T-t-tah, tah.  Oh, great. Stupid cat.","Hey, hey, be careful with that. It's for something else. It's really important, so don't break it. Okay, I may have fucked up here. Dup, ap, ap, pap, ut, dah, pap, pap, pap, pah. T-t-tah, tah. Oh, great. Stupid cat."
Pickle Rick,"Whoa, whoa, whoa, whoa! I know what it looks like to you, Izzy, but I'm not a snake! I've seen the YouTube videos, I know cats are scared of cucumbers and pickles because they think they're snakes. I'm not a snake! I'm a pickle, I'm a pickle!","Whoa, whoa, whoa, whoa! I know what it looks like to you, Izzy, but I'm not a snake! I've seen the YouTube videos, I know cats are scared of cucumbers and pickles because they think they're snakes. I'm not a snake! I'm a pickle, I'm a pickle!"
Pickle Rick,"Whoa! Oh! Whoa, whoa, whoa!","Whoa! Oh! Whoa, whoa, whoa!"
Pickle Rick,"Oh, crap, that sun is bright.","Oh, crap, that sun is bright."
Pickle Rick,"Okay, come on. This can't really be the way I go out. This is the mega-genius equivalent of dying on the toilet.","Okay, come on. This can't really be the way I go out. This is the mega-genius equivalent of dying on the toilet."
Pickle Rick,So... hot. This is how I'm gonna die.,So... hot. This is how I'm gonna die.
Pickle Rick,"Oh, God, the moisture! Dial it back, God! Dial it back a little bit here!","Oh, God, the moisture! Dial it back, God! Dial it back a little bit here!"
Pickle Rick,"Oh, shiiit! Oh! Oh! Oh!","Oh, shiiit! Oh! Oh! Oh!"
Pickle Rick,Come get this delicious brine.,Come get this delicious brine.
Pickle Rick,"Aah! Come on! Come on, motherfucker! Come on!","Aah! Come on! Come on, motherfucker! Come on!"
Pickle Rick,"By the way, you might notice that in spite of your numerous distinctive features, I never gave you a name like Scar or Stripe or Goliath. That's because, to me, you aren't special.","By the way, you might notice that in spite of your numerous distinctive features, I never gave you a name like Scar or Stripe or Goliath. That's because, to me, you aren't special."
Pickle Rick,"God damn it, I love myself.","God damn it, I love myself."
Pickle Rick,Get that parkour. Get that parkour!,Get that parkour. Get that parkour!
Pickle Rick,"Hey, it's cool. Just need to find the nearest exit.","Hey, it's cool. Just need to find the nearest exit."
Pickle Rick,"Whoa, whoa, whoa! No need to freak out.","Whoa, whoa, whoa! No need to freak out."
Pickle Rick,Whoa! Who in the fuck's toilet is this?,Whoa! Who in the fuck's toilet is this?
Pickle Rick,"Hi, um, can you, uh  please let me out.","Hi, um, can you, uh please let me out."
Pickle Rick,You should know those men killed themselves.,You should know those men killed themselves.
Pickle Rick,They didn't  let me out.,They didn't let me out.
Pickle Rick,"Uh, is this not a good time or...?","Uh, is this not a good time or...?"
Pickle Rick,That'd be a lucky break for you.,That'd be a lucky break for you.
Pickle Rick,...because this pickle doesn't care about your children. And I'm not gonna take their dreams. I'm gonna take their parents.,...because this pickle doesn't care about your children. And I'm not gonna take their dreams. I'm gonna take their parents.
Pickle Rick,You should know that isn't original.,You should know that isn't original.
Pickle Rick,There's nothing I won't do to see her again.,There's nothing I won't do to see her again.
Pickle Rick,"Yeah, there's lots I wouldn't do to see my daughter, but killing you gets me to her quicker than your derivative bullshit.","Yeah, there's lots I wouldn't do to see my daughter, but killing you gets me to her quicker than your derivative bullshit."
Pickle Rick,"That will be your downfall, Jaguar, not being open to new experiences.","That will be your downfall, Jaguar, not being open to new experiences."
Pickle Rick,"No, thanks. I'm coming for you now.","No, thanks. I'm coming for you now."
Pickle Rick,"Take that money, give it to Jaguar's daughter when you set her free. Or I'll be visiting you.","Take that money, give it to Jaguar's daughter when you set her free. Or I'll be visiting you."
Pickle Rick,"Huh, so you're a liar.","Huh, so you're a liar."
Pickle Rick,I don't think so. See you soon.,I don't think so. See you soon.
Pickle Rick,"Well, my daughter is about five away, and I've got about eight to live.","Well, my daughter is about five away, and I've got about eight to live."
Pickle Rick,"Huh? Uh, no. No, nope, sorry about that. Nope, just me. Yeesh!","Huh? Uh, no. No, nope, sorry about that. Nope, just me. Yeesh!"
Pickle Rick,"Yeah, thank you. Uh, sweetie, you don't still happen to have that syringe in your purse?","Yeah, thank you. Uh, sweetie, you don't still happen to have that syringe in your purse?"
Pickle Rick,"It's a serum that I need to, uh, to stay alive. I have had a rough day. And, uh, I've sustained a lot of damage. I'm pretty close to death, which the serum will prevent.","It's a serum that I need to, uh, to stay alive. I have had a rough day. And, uh, I've sustained a lot of damage. I'm pretty close to death, which the serum will prevent."
Pickle Rick,So I wouldn't have to come here.,So I wouldn't have to come here.
Pickle Rick,"I, um I'm sorry I lied to get out of the thing. I, I shouldn't lie to you.","I, um I'm sorry I lied to get out of the thing. I, I shouldn't lie to you."
Pickle Rick,"Oh, no, I mean, I know it was Morty peeing his pants and Summer snorting glue or whatever...","Oh, no, I mean, I know it was Morty peeing his pants and Summer snorting glue or whatever..."
Pickle Rick,"Well, there was so much more at stake. I mean, that shrink, what a monologuist.","Well, there was so much more at stake. I mean, that shrink, what a monologuist."
Pickle Rick,"Sweetie, could I get Get that syringe now?","Sweetie, could I get Get that syringe now?"
Pickle Rick,"Jesus. Jesus Christ. Therapists, man.","Jesus. Jesus Christ. Therapists, man."
Rick,"Man, I missed having hands and blood and a stomach.","Man, I missed having hands and blood and a stomach."
Rick,"Yeah, either one. Either one.","Yeah, either one. Either one."
Rick,"You'll never get away with this, Concerto.","You'll never get away with this, Concerto."
Rick,"This is it, Morty. We're goners. We're not getting out of this one. After everything we've been through, this is how we're gonna die. Make peace with your god.","This is it, Morty. We're goners. We're not getting out of this one. After everything we've been through, this is how we're gonna die. Make peace with your god."
Rick,"That, Morty, is why you don't go to therapy.","That, Morty, is why you don't go to therapy."
Rick,"Don't let any of those things get away, Morty. If their DNA gets into Earth's food chain, our entire species could be sterilized.","Don't let any of those things get away, Morty. If their DNA gets into Earth's food chain, our entire species could be sterilized."
Rick,"Great. Next time I need a species sterilized, who's gonna do it for me? You?","Great. Next time I need a species sterilized, who's gonna do it for me? You?"
Rick,"I refuse to answer a literal call to adventure, Morty. Let it go to voicemail!","I refuse to answer a literal call to adventure, Morty. Let it go to voicemail!"
Rick,"They're the writers of their own press releases, Morty! They're a bunch of drama queens that spend an hour talking and twenty minutes jumping around while shit blows up. They're a phase. We did one, it was the big event of that summer. Let it die.","They're the writers of their own press releases, Morty! They're a bunch of drama queens that spend an hour talking and twenty minutes jumping around while shit blows up. They're a phase. We did one, it was the big event of that summer. Let it die."
Rick,God... fuckin' dammit!  Fine! But don't say I didn't warn you.,God... fuckin' dammit! Fine! But don't say I didn't warn you.
Rick,"Whoops! Uh, Morty, you might want to freeze some sperm.","Whoops! Uh, Morty, you might want to freeze some sperm."
Rick,"Oh, that's Million Ants. I can't see the ants over here. It just assumed that was, uh, Turd Man. Wiggly Turd Man.","Oh, that's Million Ants. I can't see the ants over here. It just assumed that was, uh, Turd Man. Wiggly Turd Man."
Rick,"Uh, yeah, just a few more design notes.  Um, this guy. The, uh... The, uh...","Uh, yeah, just a few more design notes. Um, this guy. The, uh... The, uh..."
Rick,"Right, Crocubot. So, you're half-cold, unfeeling reptile, half-also cold, equally-unfeeling machine.","Right, Crocubot. So, you're half-cold, unfeeling reptile, half-also cold, equally-unfeeling machine."
Rick,"So, you're origin is what? Y-You fell into a vat of redundancy?","So, you're origin is what? Y-You fell into a vat of redundancy?"
Rick,"Well, let me check my list of powers and weaknesses. Ability to do anything... But only whenever I want... Yeah, that sounds like a job for me.","Well, let me check my list of powers and weaknesses. Ability to do anything... But only whenever I want... Yeah, that sounds like a job for me."
Rick,"Alan Rails, ladies and gentleman. After his parents' tragic death in a railroad accident, he gained the power to summon ghiost trains. It's not all bad, though. They were spared having to see their grown son wear a whistle!","Alan Rails, ladies and gentleman. After his parents' tragic death in a railroad accident, he gained the power to summon ghiost trains. It's not all bad, though. They were spared having to see their grown son wear a whistle!"
Rick,"Thanks, Noob-Noob! This guy gets it.","Thanks, Noob-Noob! This guy gets it."
Rick,"Uh, I was also late because of my drinking and metioned it to zero applause.","Uh, I was also late because of my drinking and metioned it to zero applause."
Rick,Did he say he never forgets a kid?,Did he say he never forgets a kid?
Rick,"I guess he found his crowd. Pretty toothless stuff, guys.","I guess he found his crowd. Pretty toothless stuff, guys."
Rick,"I hope you're happy with the adventure so far, Morty. These guys are even lamer than last time.","I hope you're happy with the adventure so far, Morty. These guys are even lamer than last time."
Rick,"Yikes. Yeah, things did feel less diverse in there.","Yikes. Yeah, things did feel less diverse in there."
Rick,"Don't worry, Morty, they love you. Superheroes need a wide-eyed unremarkable to tag along and react to everything like it's mind-blowing.","Don't worry, Morty, they love you. Superheroes need a wide-eyed unremarkable to tag along and react to everything like it's mind-blowing."
Rick,"Jesus... How awesome is that? I mean, they wanted to not need me so bad, they murdered three innocent heroes of color, and they still had to bring me back?","Jesus... How awesome is that? I mean, they wanted to not need me so bad, they murdered three innocent heroes of color, and they still had to bring me back?"
Rick,"Uh, the adventure is the favor, Morty. Me sleeping on these linens is the favor. I mean, w-w-w-what--what are we vindicating? Comfort?","Uh, the adventure is the favor, Morty. Me sleeping on these linens is the favor. I mean, w-w-w-what--what are we vindicating? Comfort?"
Rick,"Why? Morty,  I defeat gagoos more powerful than these guys every week.","Why? Morty, I defeat gagoos more powerful than these guys every week."
Rick,"Oh, please. They just call themselves heroes so they can...","Oh, please. They just call themselves heroes so they can..."
Rick,Huh... no accounting for taste. I'm gonna go get a drink.,Huh... no accounting for taste. I'm gonna go get a drink.
Rick,"Uh, my God, that's better.","Uh, my God, that's better."
Rick,"Hey, I can't help if I can't see.","Hey, I can't help if I can't see."
Rick,"Really? You don't say. You would have used a ghost train?  Hey, everybody, the ghost train guy would have used a ghost train!","Really? You don't say. You would have used a ghost train? Hey, everybody, the ghost train guy would have used a ghost train!"
Rick,"Is there coffee? Hey, Morty, can you be a pal? Grandpa left his coffee maker on the ship. Y-You know, the French press thing?","Is there coffee? Hey, Morty, can you be a pal? Grandpa left his coffee maker on the ship. Y-You know, the French press thing?"
Rick,"Little extra  snippy this morning, aren't you?","Little extra snippy this morning, aren't you?"
Rick,"Oh, oh, oh, I'm sorry. Oh, you're right. Ooh, real serious. Gotta take it real serious, huh?","Oh, oh, oh, I'm sorry. Oh, you're right. Ooh, real serious. Gotta take it real serious, huh?"
Rick,"Ooh, real scared. Real fucking on alert, high alwrt over here.","Ooh, real scared. Real fucking on alert, high alwrt over here."
Rick,"Million Ants, ladies and gentleman! The ant colony with the power of two human eyes!","Million Ants, ladies and gentleman! The ant colony with the power of two human eyes!"
Rick,"All right. Short mission, good mission. Remember when Alan wanted to use a ghost train? See you guys in Vindicators 4. Morty?","All right. Short mission, good mission. Remember when Alan wanted to use a ghost train? See you guys in Vindicators 4. Morty?"
Rick,"Well, have fun with that. But Morty and I have to meet a comet girl, a monorail man, two assholes and a full alligator in, like, an hour.","Well, have fun with that. But Morty and I have to meet a comet girl, a monorail man, two assholes and a full alligator in, like, an hour."
Rick,"Welp, it's official. I had too much to drink last night.","Welp, it's official. I had too much to drink last night."
Rick,"Obviously, I came here last night during a blackout.","Obviously, I came here last night during a blackout."
Rick,"Look, I'm a lit-- little more complex than you guys and, no offense, but I've always suspected that a lot of what you do in a year could be knocked out in a couple of hours.","Look, I'm a lit-- little more complex than you guys and, no offense, but I've always suspected that a lot of what you do in a year could be knocked out in a couple of hours."
Rick,"Morty I'm a drunk, not a hack.","Morty I'm a drunk, not a hack."
Rick,"Well, I-I-I think we've seen enough. I'll just figure out how to unplug this.","Well, I-I-I think we've seen enough. I'll just figure out how to unplug this."
Rick,"Whoa, whoa, whoa. Hold on, Vance. He said you'd die if you tried to leave. That means there's booby traps.","Whoa, whoa, whoa. Hold on, Vance. He said you'd die if you tried to leave. That means there's booby traps."
Rick,"What part of ""blackout"" don't you understand? I thought you drank?","What part of ""blackout"" don't you understand? I thought you drank?"
Rick,Because my epidermis is laced with a nanofiber defense mesh.,Because my epidermis is laced with a nanofiber defense mesh.
Rick,"And because, like I said, I don't remember last night.","And because, like I said, I don't remember last night."
Rick,"Alan, I'm not proud of what's happening here, but if you keep coming at me, there's gonna be another passenger on that ghost train.","Alan, I'm not proud of what's happening here, but if you keep coming at me, there's gonna be another passenger on that ghost train."
Rick,"Uh, I kind of am. I saved the goddamn universe.","Uh, I kind of am. I saved the goddamn universe."
Rick,"Ahh, it would've been if I hadn't.","Ahh, it would've been if I hadn't."
Rick,"Huh, I'm seeing more croc than bot here.","Huh, I'm seeing more croc than bot here."
Rick,"You know,  I could have made a device to detect Doomnomitron from orbit like  that.","You know, I could have made a device to detect Doomnomitron from orbit like that."
Rick,"W-What? In w--In w-w-what--In what way? Like, w-w-what's my point?","W-What? In w--In w-w-what--In what way? Like, w-w-what's my point?"
Rick,"So, to be clear, I sometimes reference the geopolitical complexities of the topic, which is not the same as going to an anti-Semitic place.","So, to be clear, I sometimes reference the geopolitical complexities of the topic, which is not the same as going to an anti-Semitic place."
Rick,"I don't either. I-I'm just saying, if anything, the drunk version of me is probably so supportive of Israel, he wants what's best for it and...","I don't either. I-I'm just saying, if anything, the drunk version of me is probably so supportive of Israel, he wants what's best for it and..."
Rick,"Morty, how many of these...?","Morty, how many of these...?"
Rick,"Man, I am really getting high-roaded today.","Man, I am really getting high-roaded today."
Rick,Where the fuck is the lead wire?!,Where the fuck is the lead wire?!
Rick,"Jesus Christ, what a shitty neutrino bomb. it's a miracle I actually every destroy anything.","Jesus Christ, what a shitty neutrino bomb. it's a miracle I actually every destroy anything."
Rick,"Thank you. I appreciate it, Morty. I know you were sucking the Kool-Aid out of the Vindicators' dicks, so the fact that I was right about them must be pretty hard to admit.","Thank you. I appreciate it, Morty. I know you were sucking the Kool-Aid out of the Vindicators' dicks, so the fact that I was right about them must be pretty hard to admit."
Rick,"I know. Everyone wants people they like to be right. That's why popular people are fucking dumb. And why your pretentious, poorly-written, high-budget friends back there can a eat a double-decker shit sandwich.  Disarmed.","I know. Everyone wants people they like to be right. That's why popular people are fucking dumb. And why your pretentious, poorly-written, high-budget friends back there can a eat a double-decker shit sandwich. Disarmed."
Rick,Oof! Didn't see that comin'.,Oof! Didn't see that comin'.
Rick,"Oh, come on, maybe a couple of them, but definitely not the train guy.","Oh, come on, maybe a couple of them, but definitely not the train guy."
Rick,I could--It could be Morty.,I could--It could be Morty.
Rick,"Look, I... there's nothing in the room but us. I'm just using logic to connect some dots. It's the best guess I've got.","Look, I... there's nothing in the room but us. I'm just using logic to connect some dots. It's the best guess I've got."
Rick,"Well, Morty, I think you're making that smirky face because you're misinterpreting the moment. I am not being coy about some hidden love for you. I want to be really clear that, if anyone has a better guess, like, if I gave you an amulet last night, or...","Well, Morty, I think you're making that smirky face because you're misinterpreting the moment. I am not being coy about some hidden love for you. I want to be really clear that, if anyone has a better guess, like, if I gave you an amulet last night, or..."
Rick,"W--Dude, Morty, what happened i...?","W--Dude, Morty, what happened i...?"
Rick,"Yeah, I feel safer already.","Yeah, I feel safer already."
Rick,"I'll say, we are gettin' some good licks in while choking to death.","I'll say, we are gettin' some good licks in while choking to death."
Rick,"Look at that. Geez, I must've planned a whole party. Invited a bunch of people. Not bad, Drunk Rick, not bad.","Look at that. Geez, I must've planned a whole party. Invited a bunch of people. Not bad, Drunk Rick, not bad."
Rick,"Morty, twenty people try to kill me every week. I end up getting high with half of 'em. I mean, check it out, Gear Head's here.","Morty, twenty people try to kill me every week. I end up getting high with half of 'em. I mean, check it out, Gear Head's here."
Rick,Who the fuck is Noob-Noob?,Who the fuck is Noob-Noob?
Rick,"Alright, Morty. You ready for our adventure to the lost city of Atlantis?","Alright, Morty. You ready for our adventure to the lost city of Atlantis?"
Rick,"What are you, stupid? We’re done with the Citadel of Ricks. I was  never on board with it in the first place, that’s why I murdered everyone in charge and left it to rot.","What are you, stupid? We’re done with the Citadel of Ricks. I was never on board with it in the first place, that’s why I murdered everyone in charge and left it to rot."
Rick,You don’t have to be a dick.,You don’t have to be a dick.
Rick,"Well, you can keep wondering that while we go on our fun, fresh, self-contained adventure to Atlantis.  Anyone continuing to explore the Citadel is either stupid, or one of the unfortunate millions held hostage by their terrible ideas.","Well, you can keep wondering that while we go on our fun, fresh, self-contained adventure to Atlantis. Anyone continuing to explore the Citadel is either stupid, or one of the unfortunate millions held hostage by their terrible ideas."
Cop Rick,"Oh! S-sorry, I was expecting--","Oh! S-sorry, I was expecting--"
Cop Rick,"Look, I’m just saying. Makes me a little sad to hear a Morty cop calling Mortys “animals”.","Look, I’m just saying. Makes me a little sad to hear a Morty cop calling Mortys “animals”."
Cop Rick,"Well, I’m glad to know there’s more like me.","Well, I’m glad to know there’s more like me."
Cop Rick,Fifth and ? That’s Mortytown.,Fifth and ? That’s Mortytown.
Cop Rick,"Any mutations? Augmentations? Three eyes, a tail, maybe a buzzcut?","Any mutations? Augmentations? Three eyes, a tail, maybe a buzzcut?"
Cop Rick,Do you realize how many codes you just violated?,Do you realize how many codes you just violated?
Cop Rick,Is this what I think it is?,Is this what I think it is?
Cop Rick,"He stabbed me! He got me bad, Morty.","He stabbed me! He got me bad, Morty."
Cop Rick,You were right…  Everything I learned in the academy was--,You were right… Everything I learned in the academy was--
Cop Rick,Why is there a crib in here?,Why is there a crib in here?
Cop Rick,"Boy, I got us knee-deep in paperwork, huh?","Boy, I got us knee-deep in paperwork, huh?"
Cop Rick,"No thank you, and bad math.","No thank you, and bad math."
Cop Rick,"M-m-my partner. Morty, you're right. Mortytown is bad, but that doesn't mean that we have to be.","M-m-my partner. Morty, you're right. Mortytown is bad, but that doesn't mean that we have to be."
Cop Rick,"Big Morty, you're under arrest.","Big Morty, you're under arrest."
Cop Rick,"If you do, I'll talk.","If you do, I'll talk."
Cop Rick,"You told me to put my faith in the right Morty. I got faith in you, partner. Do the right thing.","You told me to put my faith in the right Morty. I got faith in you, partner. Do the right thing."
Cop Rick,Same old story. Ricks killing Mortys.,Same old story. Ricks killing Mortys.
Cop Rick,Why am I still here? I already confessed to everything.,Why am I still here? I already confessed to everything.
Cop Rick,But... I violated at least a dozen departmental codes!,But... I violated at least a dozen departmental codes!
Rick,"Whoa!! Hahaha, yeah! Atlantis, baby!","Whoa!! Hahaha, yeah! Atlantis, baby!"
Rick,Got some of that mermaid puss!,Got some of that mermaid puss!
Rick,"Pssh! Not at all, Morty. That place will never have any bearing over our lives ever again. Unlike that mermaid puss! Yeah!! We're going back for seconds! We're gonna do that shit every week, man! That was Atlantis!","Pssh! Not at all, Morty. That place will never have any bearing over our lives ever again. Unlike that mermaid puss! Yeah!! We're going back for seconds! We're gonna do that shit every week, man! That was Atlantis!"
